{"NaNbO3": -38.511974995, "NaO2": -13.5156602, "Nb": -10.079198715, "NaNbO2": -30.17734645, "NbO2": -27.31516627625, "Na": -1.2952836455, "Na2Nb3O6": -87.907270195, "Na2O": -11.34133461, "Nb2O5": -62.7452958625, "Na2O2": -16.99284209, "Na3NbO4": -51.4830805475, "NbO": -18.93089515, "O2": -9.8793072475, "Na5NbO5": -63.02555746, "NaNb10O18": -259.680799325}